"0","tpe_highSchools
"
"1","  [1]"
"1"," 臺北市立第一女中        "
"1"," 台北市立中山女中        "
"1"," 台北市立中山女中        "
"1","
"
"1","  [4]"
"1"," 台北市立中山女中        "
"1"," 臺北市立第一女中        "
"1"," 台北市立中山女中        "
"1","
"
"1","  [7]"
"1"," 國立政大附中            "
"1"," 台北市立中山女中        "
"1"," 國立政大附中            "
"1","
"
"1"," [10]"
"1"," 台北市立中山女中        "
"1"," 台北市立中山女中        "
"1"," 臺北市立第一女中        "
"1","
"
"1"," [13]"
"1"," 台北市立中山女中        "
"1"," 台北市立中山女中        "
"1"," 國立政大附中            "
"1","
"
"1"," [16]"
"1"," 國立政大附中            "
"1"," 臺北市立第一女中        "
"1"," 臺北市立第一女中        "
"1","
"
"1"," [19]"
"1"," 國立政大附中            "
"1"," 台北市立中山女中        "
"1"," 台北市立中山女中        "
"1","
"
"1"," [22]"
"1"," 台北市立中山女中        "
"1"," 台北市立中山女中        "
"1"," 臺北市立第一女中        "
"1","
"
"1"," [25]"
"1"," 台北市立中山女中        "
"1"," 臺北市立第一女中        "
"1"," 台北市立中山女中        "
"1","
"
"1"," [28]"
"1"," 台北市立中山女中        "
"1"," 台北市立中山女中        "
"1"," 台北市立中山女中        "
"1","
"
"1"," [31]"
"1"," 台北市立中山女中        "
"1"," 台北市立中山女中        "
"1"," 台北市立中山女中        "
"1","
"
"1"," [34]"
"1"," 臺北市立第一女中        "
"1"," 臺北市立中山女子高級中學"
"1"," 臺北市立中山女子高級中學"
"1","
"
"1"," [37]"
"1"," 臺北市立中山女子高級中學"
"1"," 臺北市立中山女子高級中學"
"1"," 台北市立第一女子高級中學"
"1","
"
"1"," [40]"
"1"," 台北市立第一女子高級中學"
"1"," 臺北市立中山女子高級中學"
"1"," 臺北市立中山女子高級中學"
"1","
"
"1"," [43]"
"1"," 國立政治大學附屬高級中學"
"1"," 國立政治大學附屬高級中學"
"1"," 台北市立第一女子高級中學"
"1","
"
"1"," [46]"
"1"," 臺北市立中山女子高級中學"
"1"," 台北市立第一女子高級中學"
"1"," 台北市立中山女中        "
"1","
"
"1"," [49]"
"1"," 臺北市立中山女子高級中學"
"1"," 台北市立第一女子高級中學"
"1"," 台北市立第一女子高級中學"
"1","
"
"1"," [52]"
"1"," 臺北市立中山女子高級中學"
"1"," 臺北市立中山女子高級中學"
"1"," 臺北市立中山女子高級中學"
"1","
"
"1"," [55]"
"1"," 台北市立第一女子高級中學"
"1"," 臺北市立中山女子高級中學"
"1"," 臺北市立中山女子高級中學"
"1","
"
"1"," [58]"
"1"," 臺北市立中山女子高級中學"
"1"," 臺北市立中山女子高級中學"
"1"," 台北市立第一女子高級中學"
"1","
"
"1"," [61]"
"1"," 國立政治大學附屬高級中學"
"1"," 台北市立第一女子高級中學"
"1"," 臺北市立中山女子高級中學"
"1","
"
"1"," [64]"
"1"," 國立政治大學附屬高級中學"
"1"," 臺北市立中山女子高級中學"
"1"," 台北市立第一女子高級中學"
"1","
"
"1"," [67]"
"1"," 國立政治大學附屬高級中學"
"1"," 國立政治大學附屬高級中學"
"1"," 國立政治大學附屬高級中學"
"1","
"
"1"," [70]"
"1"," 臺北市立中山女子高級中學"
"1"," 臺北市立中山女子高級中學"
"1"," 臺北市立中山女子高級中學"
"1","
"
"1"," [73]"
"1"," 台北市立第一女子高級中學"
"1"," 臺北市立中山女子高級中學"
"1"," 國立政治大學附屬高級中學"
"1","
"
"1"," [76]"
"1"," 臺北市立中山女子高級中學"
"1"," 臺北市立中山女子高級中學"
"1"," 臺北市立中山女子高級中學"
"1","
"
"1"," [79]"
"1"," 國立政治大學附屬高級中學"
"1"," 台北市立第一女子高級中學"
"1"," 臺北市立中山女子高級中學"
"1","
"
"1"," [82]"
"1"," 台北市立第一女子高級中學"
"1"," 臺北市立中山女子高級中學"
"1"," 國立政治大學附屬高級中學"
"1","
"
"1"," [85]"
"1"," 臺北市立中山女子高級中學"
"1"," 臺北市立中山女子高級中學"
"1"," 臺北市立中山女子高級中學"
"1","
"
"1"," [88]"
"1"," 台北市立第一女子高級中學"
"1"," 臺北市立中山女子高級中學"
"1"," 台北市立第一女子高級中學"
"1","
"
"1"," [91]"
"1"," 台北市立第一女子高級中學"
"1"," 臺北市立中山女子高級中學"
"1"," 台北市立第一女子高級中學"
"1","
"
"1"," [94]"
"1"," 臺北市立中山女子高級中學"
"1"," 臺北市立中山女子高級中學"
"1"," 國立政治大學附屬高級中學"
"1","
"
"1"," [97]"
"1"," 臺北市立中山女子高級中學"
"1"," 台北市立第一女子高級中學"
"1"," 台北市立第一女子高級中學"
"1","
"
"1","[100]"
"1"," 臺北市立中山女子高級中學"
"1"," 臺北市立中山女子高級中學"
"1"," 臺北市立中山女子高級中學"
"1","
"
"1","[103]"
"1"," 國立政治大學附屬高級中學"
"1"," 國立政治大學附屬高級中學"
"1"," 台北市立第一女子高級中學"
"1","
"
"1","[106]"
"1"," 台北市立第一女子高級中學"
"1"," 臺北市立中山女子高級中學"
"1"," 國立政治大學附屬高級中學"
"1","
"
"1","[109]"
"1"," 臺北市立中山女子高級中學"
"1"," 臺北市立中山女子高級中學"
"1"," 臺北市立中山女子高級中學"
"1","
"
"1","[112]"
"1"," 臺北市立第一女中        "
"1"," 台北市立中山女中        "
"1"," 臺北市立第一女中        "
"1","
"
"1","[115]"
"1"," 台北市立中山女中        "
"1"," 台北市立中山女中        "
"1"," 台北市立中山女中        "
"1","
"
"1","[118]"
"1"," 臺北市立第一女中        "
"1"," 台北市立中山女中        "
"1"," 台北市立中山女中        "
"1","
"
"1","[121]"
"1"," 台北市立中山女中        "
"1"," 台北市立中山女中        "
"1"," 台北市立中山女中        "
"1","
"
"1","[124]"
"1"," 台北市立中山女中        "
"1"," 台北市立中山女中        "
"1"," 臺北市立第一女中        "
"1","
"
"1","[127]"
"1"," 臺北市立第一女中        "
"1"," 臺北市立第一女中        "
"1"," 臺北市立第一女中        "
"1","
"
"1","[130]"
"1"," 臺北市立第一女中        "
"1"," 台北市立中山女中        "
"1"," 臺北市立第一女中        "
"1","
"
"1","[133]"
"1"," 台北市立中山女中        "
"1"," 臺北市立第一女中        "
"1"," 台北市立中山女中        "
"1","
"
"1","[136]"
"1"," 臺北市立第一女中        "
"1"," 台北市立中山女中        "
"1"," 台北市立中山女中        "
"1","
"
"1","[139]"
"1"," 臺北市立第一女中        "
"1"," 台北市立中山女中        "
"1"," 臺北市立第一女中        "
"1","
"
"1","[142]"
"1"," 台北市立中山女中        "
"1"," 台北市立中山女中        "
"1"," 台北市立中山女中        "
"1","
"
"1","[145]"
"1"," 臺北市立第一女中        "
"1"," 臺北市立第一女中        "
"1"," 臺北市立第一女中        "
"1","
"
"1","[148]"
"1"," 臺北市立第一女中        "
"1"," 台北市立中山女中        "
"1"," 台北市立中山女中        "
"1","
"
"1","[151]"
"1"," 臺北市立第一女中        "
"1"," 台北市立中山女中        "
"1"," 台北市立中山女中        "
"1","
"
"1","[154]"
"1"," 台北市立中山女中        "
"1"," 台北市立中山女中        "
"1"," 台北市立中山女中        "
"1","
"
"1","[157]"
"1"," 台北市立中山女中        "
"1"," 臺北市立第一女中        "
"1"," 台北市立中山女中        "
"1","
"
"1","[160]"
"1"," 台北市立中山女中        "
"1"," 台北市立中山女中        "
"1"," 台北市立中山女中        "
"1","
"
"1","[163]"
"1"," 台北市立中山女中        "
"1"," 臺北市立第一女中        "
"1"," 臺北市立第一女中        "
"1","
"
"1","[166]"
"1"," 台北市立中山女中        "
"1"," 台北市立中山女中        "
"1"," 臺北市立第一女中        "
"1","
"
"1","[169]"
"1"," 台北市立中山女中        "
"1"," 台北市立中山女中        "
"1"," 台北市立中山女中        "
"1","
"
"1","[172]"
"1"," 台北市立中山女中        "
"1"," 台北市立中山女中        "
"1"," 臺北市立第一女中        "
"1","
"
"1","[175]"
"1"," 台北市立中山女中        "
"1"," 台北市立中山女中        "
"1"," 台北市立中山女中        "
"1","
"
"1","[178]"
"1"," 台北市立中山女中        "
"1"," 台北市立中山女中        "
"1"," 台北市立中山女中        "
"1","
"
"1","[181]"
"1"," 臺北市立第一女中        "
"1"," 臺北市立第一女中        "
"1"," 台北市立中山女中        "
"1","
"
"1","[184]"
"1"," 臺北市立第一女中        "
"1"," 臺北市立第一女中        "
"1"," 臺北市立第一女中        "
"1","
"
"1","[187]"
"1"," 台北市立中山女中        "
"1"," 台北市立中山女中        "
"1"," 台北市立中山女中        "
"1","
"
"1","[190]"
"1"," 台北市立中山女中        "
"1"," 台北市立中山女中        "
"1"," 台北市立中山女中        "
"1","
"
"1","[193]"
"1"," 臺北市立第一女中        "
"1"," 台北市立中山女中        "
"1"," 台北市立中山女中        "
"1","
"
"1","[196]"
"1"," 臺北市立第一女中        "
"1"," 台北市立中山女中        "
"1"," 台北市立中山女中        "
"1","
"
"1","[199]"
"1"," 台北市立中山女中        "
"1"," 台北市立中山女中        "
"1"," 台北市立中山女中        "
"1","
"
"1","[202]"
"1"," 台北市立中山女中        "
"1"," 臺北市立第一女中        "
"1"," 國立政大附中            "
"1","
"
"1","[205]"
"1"," 台北市立中山女中        "
"1"," 臺北市立第一女中        "
"1"," 台北市立中山女中        "
"1","
"
"1","[208]"
"1"," 國立政大附中            "
"1"," 國立政大附中            "
"1"," 臺北市立第一女中        "
"1","
"
"1","[211]"
"1"," 台北市立中山女中        "
"1"," 台北市立中山女中        "
"1"," 台北市立中山女中        "
"1","
"
"1","[214]"
"1"," 台北市立中山女中        "
"1"," 臺北市立第一女中        "
"1"," 台北市立中山女中        "
"1","
"
"1","[217]"
"1"," 台北市立中山女中        "
"1"," 臺北市立第一女中        "
"1"," 臺北市立第一女中        "
"1","
"
"1","[220]"
"1"," 台北市立中山女中        "
"1"," 台北市立中山女中        "
"1"," 台北市立中山女中        "
"1","
"
"1","[223]"
"1"," 臺北市立第一女中        "
"1"," 臺北市立第一女中        "
"1"," 台北市立中山女中        "
"1","
"
"1","[226]"
"1"," 台北市立中山女中        "
"1"," 台北市立中山女中        "
"1"," 臺北市立第一女中        "
"1","
"
"1","[229]"
"1"," 臺北市立第一女中        "
"1"," 台北市立中山女中        "
"1"," 臺北市立第一女中        "
"1","
"
"1","[232]"
"1"," 台北市立中山女中        "
"1"," 台北市立中山女中        "
"1"," 國立政大附中            "
"1","
"
"1","[235]"
"1"," 台北市立中山女中        "
"1"," 台北市立中山女中        "
"1"," 台北市立中山女中        "
"1","
"
"1","[238]"
"1"," 台北市立中山女中        "
"1"," 臺北市立第一女中        "
"1"," 台北市立中山女中        "
"1","
"
"1","[241]"
"1"," 臺北市立第一女中        "
"1"," 臺北市立第一女中        "
"1"," 國立政大附中            "
"1","
"
"1","[244]"
"1"," 臺北市立第一女中        "
"1"," 台北市立中山女中        "
"1"," 台北市立中山女中        "
"1","
"
"1","[247]"
"1"," 臺北市立第一女中        "
"1"," 國立政大附中            "
"1"," 台北市立中山女中        "
"1","
"
"1","[250]"
"1"," 台北市立中山女中        "
"1"," 臺北市立第一女中        "
"1"," 台北市立中山女中        "
"1","
"
"1","[253]"
"1"," 臺北市立第一女中        "
"1"," 臺北市立第一女中        "
"1"," 臺北市立第一女中        "
"1","
"
"1","[256]"
"1"," 台北市立中山女中        "
"1"," 台北市立第一女子高級中學"
"1"," 臺北市立第一女中        "
"1","
"
"1","[259]"
"1"," 台北市立中山女中        "
"1"," 台北市立中山女中        "
"1"," 台北市立中山女中        "
"1","
"
"1","[262]"
"1"," 台北市立中山女中        "
"1"," 台北市立中山女中        "
"1"," 臺北市立第一女中        "
"1","
"
"1","[265]"
"1"," 臺北市立中山女子高級中學"
"1"," 臺北市立中山女子高級中學"
"1"," 臺北市立中山女子高級中學"
"1","
"
"1","[268]"
"1"," 台北市立第一女子高級中學"
"1"," 台北市立中山女中        "
"1"," 臺北市立第一女中        "
"1","
"
"1","[271]"
"1"," 台北市立中山女中        "
"1"," 臺北市立第一女中        "
"1"," 台北市立中山女中        "
"1","
"
"1","[274]"
"1"," 臺北市立第一女中        "
"1"," 台北市立中山女中        "
"1"," 臺北市立中山女子高級中學"
"1","
"
"1","[277]"
"1"," 國立政治大學附屬高級中學"
"1"," 台北市立第一女子高級中學"
"1"," 台北市立第一女子高級中學"
"1","
"
"1","[280]"
"1"," 台北市立中山女中        "
"1"," 台北市立中山女中        "
"1"," 臺北市立第一女中        "
"1","
"
"1","[283]"
"1"," 台北市立中山女中        "
"1"," 臺北市立第一女中        "
"1"," 臺北市立中山女子高級中學"
"1","
"
"1","[286]"
"1"," 台北市立第一女子高級中學"
"1"," 國立政治大學附屬高級中學"
"1"," 台北市立第一女子高級中學"
"1","
"
"1","[289]"
"1"," 臺北市立中山女子高級中學"
"1"," 台北市立第一女子高級中學"
"1"," 台北市立第一女子高級中學"
"1","
"
"1","[292]"
"1"," 台北市立中山女中        "
"1"," 台北市立中山女中        "
"1"," 臺北市立第一女中        "
"1","
"
"1","[295]"
"1"," 台北市立中山女中        "
"1"," 臺北市立第一女中        "
"1"," 台北市立中山女中        "
"1","
"
"1","[298]"
"1"," 臺北市立第一女中        "
"1"," 臺北市立第一女中        "
"1"," 台北市立中山女中        "
"1","
"
"1","[301]"
"1"," 台北市立中山女中        "
"1"," 台北市立中山女中        "
"1"," 台北市立中山女中        "
"1","
"
"1","[304]"
"1"," 台北市立中山女中        "
"1"," 台北市立中山女中        "
"1"," 台北市立中山女中        "
"1","
"
"1","[307]"
"1"," 臺北市立第一女中        "
"1"," 台北市立中山女中        "
"1"," 臺北市立第一女中        "
"1","
"
"1","[310]"
"1"," 台北市立中山女中        "
"1"," 臺北市立第一女中        "
"1"," 台北市立中山女中        "
"1","
"
"1","[313]"
"1"," 臺北市立第一女中        "
"1"," 國立政治大學附屬高級中學"
"1"," 台北市立第一女子高級中學"
"1","
"
"1","[316]"
"1"," 臺北市立中山女子高級中學"
"1"," 臺北市立中山女子高級中學"
"1"," 臺北市立中山女子高級中學"
"1","
"
"1","[319]"
"1"," 台北市立第一女子高級中學"
"1"," 國立政治大學附屬高級中學"
"1"," 臺北市立中山女子高級中學"
"1","
"
"1","[322]"
"1"," 台北市立中山女中        "
"1"," 台北市立第一女子高級中學"
"1"," 臺北市立中山女子高級中學"
"1","
"
"1","[325]"
"1"," 台北市立第一女子高級中學"
"1"," 台北市立中山女中        "
"1"," 台北市立中山女中        "
"1","
"
"1","[328]"
"1"," 國立政大附中            "
"1"," 台北市立中山女中        "
"1"," 臺北市立第一女中        "
"1","
"
"1","[331]"
"1"," 台北市立中山女中        "
"1"," 臺北市立第一女中        "
"1"," 台北市立中山女中        "
"1","
"
"1","[334]"
"1"," 臺北市立第一女中        "
"1"," 台北市立中山女中        "
"1"," 台北市立中山女中        "
"1","
"
"1","[337]"
"1"," 臺北市立第一女中        "
"1"," 台北市立中山女中        "
"1"," 台北市立中山女中        "
"1","
"
"1","[340]"
"1"," 台北市立中山女中        "
"1"," 臺北市立第一女中        "
"1"," 台北市立中山女中        "
"1","
"
"1","[343]"
"1"," 臺北市立第一女中        "
"1"," 台北市立中山女中        "
"1"," 台北市立中山女中        "
"1","
"
"1","[346]"
"1"," 台北市立中山女中        "
"1"," 臺北市立第一女中        "
"1"," 臺北市立第一女中        "
"1","
"
"1","[349]"
"1"," 臺北市立第一女中        "
"1"," 臺北市立中山女子高級中學"
"1"," 台北市立第一女子高級中學"
"1","
"
"1","[352]"
"1"," 臺北市立第一女中        "
"1"," 台北市立中山女中        "
"1"," 臺北市立中山女子高級中學"
"1","
"
"1","[355]"
"1"," 臺北市立中山女子高級中學"
"1"," 台北市立中山女中        "
"1"," 國立政大附中            "
"1","
"
"1","[358]"
"1"," 台北市立中山女中        "
"1"," 臺北市立中山女子高級中學"
"1"," 臺北市立中山女子高級中學"
"1","
"
"1","[361]"
"1"," 臺北市立第一女中        "
"1"," 臺北市立中山女子高級中學"
"1"," 台北市立中山女中        "
"1","
"
"1","[364]"
"1"," 臺北市立第一女中        "
"1"," 台北市立中山女中        "
"1"," 台北市立中山女中        "
"1","
"
"1","[367]"
"1"," 臺北市立第一女中        "
"1"," 臺北市立第一女中        "
"1"," 臺北市立第一女中        "
"1","
"
"1","[370]"
"1"," 臺北市立第一女中        "
"1"," 台北市立中山女中        "
"1"," 台北市立中山女中        "
"1","
"
"1","[373]"
"1"," 台北市立第一女子高級中學"
"1"," 臺北市立中山女子高級中學"
"1"," 台北市立中山女中        "
"1","
"
"1","[376]"
"1"," 台北市立中山女中        "
"1"," 臺北市立第一女中        "
"1"," 臺北市立中山女子高級中學"
"1","
"
"1","[379]"
"1"," 台北市立第一女子高級中學"
"1"," 臺北市立中山女子高級中學"
"1"," 臺北市立中山女子高級中學"
"1","
"
"1","[382]"
"1"," 臺北市立中山女子高級中學"
"1"," 台北市立第一女子高級中學"
"1"," 臺北市立中山女子高級中學"
"1","
"
"1","[385]"
"1"," 台北市立第一女子高級中學"
"1"," 台北市立第一女子高級中學"
"1"," 臺北市立中山女子高級中學"
"1","
"
"1","[388]"
"1"," 臺北市立中山女子高級中學"
"1"," 台北市立第一女子高級中學"
"1"," 台北市立中山女中        "
"1","
"
"1","[391]"
"1"," 臺北市立中山女子高級中學"
"1"," 臺北市立中山女子高級中學"
"1"," 台北市立第一女子高級中學"
"1","
"
"1","[394]"
"1"," 臺北市立第一女中        "
"1"," 台北市立中山女中        "
"1"," 台北市立中山女中        "
"1","
"
"1","[397]"
"1"," 臺北市立第一女中        "
"1"," 台北市立中山女中        "
"1"," 台北市立中山女中        "
"1","
"
"1","[400]"
"1"," 台北市立中山女中        "
"1"," 台北市立中山女中        "
"1"," 台北市立中山女中        "
"1","
"
"1","[403]"
"1"," 台北市立中山女中        "
"1"," 台北市立中山女中        "
"1"," 台北市立中山女中        "
"1","
"
"1","[406]"
"1"," 台北市立中山女中        "
"1"," 台北市立中山女中        "
"1"," 臺北市立第一女中        "
"1","
"
"1","[409]"
"1"," 臺北市立第一女中        "
"1"," 臺北市立第一女中        "
"1"," 臺北市立第一女中        "
"1","
"
"1","[412]"
"1"," 臺北市立第一女中        "
"1"," 臺北市立第一女中        "
"1"," 台北市立中山女中        "
"1","
"
"1","[415]"
"1"," 台北市立中山女中        "
"1"," 臺北市立第一女中        "
"1"," 臺北市立第一女中        "
"1","
"
"1","[418]"
"1"," 台北市立中山女中        "
"1"," 臺北市立第一女中        "
"1"," 台北市立中山女中        "
"1","
"
"1","[421]"
"1"," 台北市立中山女中        "
"1"," 台北市立第一女子高級中學"
"1"," 臺北市立中山女子高級中學"
"1","
"
"1","[424]"
"1"," 臺北市立中山女子高級中學"
"1"," 台北市立中山女中        "
"1"," 台北市立中山女中        "
"1","
"
"1","[427]"
"1"," 臺北市立第一女中        "
"1"," 臺北市立第一女中        "
"1"," 台北市立中山女中        "
"1","
"
"1","[430]"
"1"," 台北市立第一女子高級中學"
"1"," 台北市立中山女中        "
"1"," 台北市立中山女中        "
"1","
"
"1","[433]"
"1"," 台北市立中山女中        "
"1"," 臺北市立第一女中        "
"1"," 國立政治大學附屬高級中學"
"1","
"
"1","[436]"
"1"," 台北市立中山女中        "
"1"," 臺北市立中山女子高級中學"
"1"," 台北市立中山女中        "
"1","
"
"1","[439]"
"1"," 臺北市立中山女子高級中學"
"1"," 台北市立中山女中        "
"1"," 臺北市立第一女中        "
"1","
"
"1","[442]"
"1"," 台北市立中山女中        "
"1"," 台北市立中山女中        "
"1"," 台北市立中山女中        "
"1","
"
"1","[445]"
"1"," 臺北市立第一女中        "
"1"," 臺北市立第一女中        "
"1"," 台北市立中山女中        "
"1","
"
"1","[448]"
"1"," 臺北市立第一女中        "
"1"," 台北市立中山女中        "
"1"," 台北市立中山女中        "
"1","
"
"1","[451]"
"1"," 台北市立中山女中        "
"1"," 臺北市立第一女中        "
"1"," 臺北市立第一女中        "
"1","
"
"1","[454]"
"1"," 台北市立中山女中        "
"1"," 台北市立中山女中        "
"1"," 中山女中                "
"1","
"
"1","[457]"
"1"," 國立政大附中            "
"1"," 臺北市立第一女中        "
"1"," 臺北市立第一女中        "
"1","
"
"1","[460]"
"1"," 臺北市立第一女中        "
"1"," 國立政大附中            "
"1"," 臺北市立第一女中        "
"1","
"
"1","[463]"
"1"," 臺北市立第一女中        "
"1"," 國立政大附中            "
"1"," 台北市立中山女中        "
"1","
"
"1","[466]"
"1"," 台北市立中山女中        "
"1"," 國立政大附中            "
"1"," 台北市立中山女中        "
"1","
"
"1","[469]"
"1"," 台北市立中山女中        "
"1"," 台北市立中山女中        "
"1"," 台北市立中山女中        "
"1","
"
"1","[472]"
"1"," 台北市立中山女中        "
"1"," 台北市立第一女子高級中學"
"1"," 台北市立第一女子高級中學"
"1","
"
"1","[475]"
"1"," 臺北市立中山女子高級中學"
"1"," 臺北市立中山女子高級中學"
"1"," 臺北市立中山女子高級中學"
"1","
"
"1","[478]"
"1"," 台北市立第一女子高級中學"
"1"," 臺北市立中山女子高級中學"
"1"," 臺北市立中山女子高級中學"
"1","
"
"1","[481]"
"1"," 臺北市立中山女子高級中學"
"1"," 台北市立第一女子高級中學"
"1"," 台北市立第一女子高級中學"
"1","
"
"1","[484]"
"1"," 臺北市立中山女子高級中學"
"1"," 臺北市立中山女子高級中學"
"1"," 台北市立中山女中        "
"1","
"
"1","[487]"
"1"," 臺北市立第一女中        "
"1"," 臺北市立第一女中        "
"1"," 臺北市立中山女子高級中學"
"1","
"
"1","[490]"
"1"," 臺北市立第一女中        "
"1"," 臺北市立第一女中        "
"1"," 臺北市立第一女中        "
"1","
"
"1","[493]"
"1"," 台北市立中山女中        "
"1"," 台北市立中山女中        "
"1"," 臺北市立第一女中        "
"1","
"
"1","[496]"
"1"," 臺北市立中山女子高級中學"
"1"," 臺北市立中山女子高級中學"
"1"," 台北市立第一女子高級中學"
"1","
"
"1","[499]"
"1"," 臺北市立中山女子高級中學"
"1"," 台北市立第一女子高級中學"
"1"," 國立政治大學附屬高級中學"
"1","
"
"1","[502]"
"1"," 台北市立中山女中        "
"1"," 臺北市立中山女子高級中學"
"1"," 台北市立中山女中        "
"1","
"
"1","[505]"
"1"," 臺北市立第一女中        "
"1"," 台北市立中山女中        "
"1"," 臺北市立第一女中        "
"1","
"
"1","[508]"
"1"," 臺北市立第一女中        "
"1"," 臺北市立中山女子高級中學"
"1"," 台北市立第一女子高級中學"
"1","
"
"1","[511]"
"1"," 台北市立中山女中        "
"1"," 台北市立中山女中        "
"1"," 台北市立中山女中        "
"1","
"
"1","[514]"
"1"," 台北市立中山女中        "
"1"," 台北市立中山女中        "
"1"," 台北市立中山女中        "
"1","
"
"1","[517]"
"1"," 台北市立中山女中        "
"1"," 臺北市立第一女中        "
"1"," 台北市立中山女中        "
"1","
"
"1","[520]"
"1"," 台北市立中山女中        "
"1"," 台北市立中山女中        "
"1"," 臺北市立第一女中        "
"1","
"
"1","[523]"
"1"," 臺北市立第一女中        "
"1"," 台北市立中山女中        "
"1"," 臺北市立第一女中        "
"1","
"
"1","[526]"
"1"," 台北市立中山女中        "
"1"," 台北市立中山女中        "
"1"," 台北市立中山女中        "
"1","
"
"1","[529]"
"1"," 臺北市立第一女中        "
"1"," 國立政大附中            "
"1"," 台北市立第一女子高級中學"
"1","
"
"1","[532]"
"1"," 台北市立中山女中        "
"1"," 臺北市立中山女子高級中學"
"1"," 臺北市立第一女中        "
"1","
"
"1","[535]"
"1"," 台北市立中山女中        "
"1"," 台北市立中山女中        "
"1"," 臺北市立第一女中        "
"1","
"
"1","[538]"
"1"," 台北市立中山女中        "
"1"," 台北市立中山女中        "
"1"," 台北市立中山女中        "
"1","
"
"1","[541]"
"1"," 台北市立中山女中        "
"1"," 國立政大附中            "
"1"," 臺北市立第一女中        "
"1","
"
"1","[544]"
"1"," 臺北市立第一女中        "
"1"," 台北市立中山女中        "
"1"," 台北市立中山女中        "
"1","
"
"1","[547]"
"1"," 臺北市立第一女中        "
"1"," 臺北市立第一女中        "
"1"," 臺北市立第一女中        "
"1","
"
"1","[550]"
"1"," 國立政大附中            "
"1"," 臺北市立第一女中        "
"1"," 臺北市立第一女中        "
"1","
"
"1","[553]"
"1"," 台北市立中山女中        "
"1"," 台北市立中山女中        "
"1"," 台北市立中山女中        "
"1","
"
"1","[556]"
"1"," 臺北市立第一女中        "
"1"," 台北市立中山女中        "
"1"," 台北市立中山女中        "
"1","
"
"1","[559]"
"1"," 台北市立中山女中        "
"1"," 臺北市立第一女中        "
"1"," 臺北市立第一女中        "
"1","
"
"1","[562]"
"1"," 台北市立中山女中        "
"1"," 台北市立第一女子高級中學"
"1"," 臺北市立第一女中        "
"1","
"
"1","[565]"
"1"," 台北市立中山女中        "
"1"," 台北市立中山女中        "
"1"," 臺北市立中山女子高級中學"
"1","
"
"1","[568]"
"1"," 臺北市立第一女中        "
"1"," 臺北市立第一女中        "
"1"," 台北市立中山女中        "
"1","
"
"1","[571]"
"1"," 台北市立中山女中        "
"1"," 台北市立中山女中        "
"1"," 台北市立中山女中        "
"1","
"
"1","[574]"
"1"," 台北市立第一女子高級中學"
"1"," 台北市立第一女子高級中學"
"1"," 臺北市立第一女中        "
"1","
"
"1","[577]"
"1"," 國立政大附中            "
"1"," 臺北市立中山女子高級中學"
"1"," 台北市立中山女中        "
"1","
"
"1","[580]"
"1"," 臺北市立第一女中        "
"1"," 台北市立中山女中        "
"1"," 台北市立第一女子高級中學"
"1","
"
"1","[583]"
"1"," 臺北市立第一女中        "
"1"," 臺北市立中山女子高級中學"
"1"," 臺北市立中山女子高級中學"
"1","
"
"1","[586]"
"1"," 台北市立第一女子高級中學"
"1"," 台北市立中山女中        "
"1"," 台北市立中山女中        "
"1","
"
"1","[589]"
"1"," 臺北市立中山女子高級中學"
"1"," 台北市立中山女中        "
"1"," 臺北市立第一女中        "
"1","
"
"1","[592]"
"1"," 台北市立中山女中        "
"1"," 臺北市立第一女中        "
"1"," 台北市立中山女中        "
"1","
"
"1","[595]"
"1"," 臺北市立第一女中        "
"1"," 台北市立中山女中        "
"1"," 台北市立中山女中        "
"1","
"
"1","[598]"
"1"," 臺北市立中山女子高級中學"
"1"," 台北市立第一女子高級中學"
"1"," 台北市立第一女子高級中學"
"1","
"
"1","[601]"
"1"," 台北市立第一女子高級中學"
"1"," 臺北市立中山女子高級中學"
"1"," 臺北市立中山女子高級中學"
"1","
"
"1","[604]"
"1"," 國立政治大學附屬高級中學"
"1"," 臺北市立中山女子高級中學"
"1"," 臺北市立中山女子高級中學"
"1","
"
"1","[607]"
"1"," 國立政治大學附屬高級中學"
"1"," 台北市立中山女中        "
"1"," 台北市立中山女中        "
"1","
"
"1","[610]"
"1"," 台北市立中山女中        "
"1"," 台北市立中山女中        "
"1"," 臺北市立第一女中        "
"1","
"
"1","[613]"
"1"," 台北市立中山女中        "
"1"," 台北市立中山女中        "
"1"," 中山女高                "
"1","
"
"1","[616]"
"1"," 臺北市立第一女中        "
"1"," 臺北市立第一女中        "
"1"," 台北市立中山女中        "
"1","
"
"1","[619]"
"1"," 臺北市立第一女中        "
"1"," 台北市立中山女中        "
"1"," 台北市立中山女中        "
"1","
"
"1","[622]"
"1"," 台北市立中山女中        "
"1"," 台北市立中山女中        "
"1"," 臺北市立第一女中        "
"1","
"
"1","[625]"
"1"," 台北市立中山女中        "
"1"," 台北市立中山女中        "
"1"," 臺北市立第一女中        "
"1","
"
"1","[628]"
"1"," 臺北市立第一女中        "
"1"," 台北市立中山女中        "
"1"," 臺北市立第一女中        "
"1","
"
"1","[631]"
"1"," 台北市立中山女中        "
"1"," 台北市立中山女中        "
"1"," 台北市立中山女中        "
"1","
"
"1","[634]"
"1"," 臺北市立第一女中        "
"1"," 台北市立中山女中        "
"1"," 台北市立中山女中        "
"1","
"
"1","[637]"
"1"," 台北市立中山女中        "
"1"," 台北市立中山女中        "
"1"," 臺北市立第一女中        "
"1","
"
"1","[640]"
"1"," 臺北市立中山女子高級中學"
"1"," 台北市立第一女子高級中學"
"1"," 臺北市立中山女子高級中學"
"1","
"
"1","[643]"
"1"," 台北市立中山女中        "
"1"," 國立政大附中            "
"1"," 國立政治大學附屬高級中學"
"1","
"
"1","[646]"
"1"," 台北市立中山女中        "
"1"," 台北市立中山女中        "
"1"," 台北市立中山女中        "
"1","
"
"1","[649]"
"1"," 台北市立中山女中        "
"1"," 台北市立中山女中        "
"1"," 臺北市立第一女中        "
"1","
"
"1","[652]"
"1"," 台北市立第一女子高級中學"
"1"," 臺北市立中山女子高級中學"
"1"," 國立政大附中            "
"1","
"
"1","[655]"
"1"," 國立政大附中            "
"1"," 台北市立中山女中        "
"1"," 台北市立中山女中        "
"1","
"
"1","[658]"
"1"," 台北市立中山女中        "
"1"," 國立政大附中            "
"1"," 國立政大附中            "
"1","
"
"1","[661]"
"1"," 臺北市立中山女子高級中學"
"1"," 臺北市立第一女中        "
"1"," 台北市立中山女中        "
"1","
"
"1","[664]"
"1"," 臺北市立第一女中        "
"1"," 台北市立中山女中        "
"1"," 台北市立中山女中        "
"1","
"
"1","[667]"
"1"," 國立政大附中            "
"1"," 台北市立中山女中        "
"1"," 台北市立中山女中        "
"1","
"
"1","[670]"
"1"," 臺北市立第一女中        "
"1"," 台北市立中山女中        "
"1"," 臺北市立第一女中        "
"1","
"
"1","[673]"
"1"," 臺北市立第一女中        "
"1"," 台北市立中山女中        "
"1"," 台北市立中山女中        "
"1","
"
"1","[676]"
"1"," 台北市立中山女中        "
"1"," 臺北市立第一女中        "
"1"," 台北市立中山女中        "
"1","
"
"1","[679]"
"1"," 臺北市立第一女中        "
"1","
"
"1","8 "
"1",""
"1","Levels: "
"1",""
"1","中山女中 中山女高 台北市立中山女中 ... 臺北市立第一女中"
"1",""
"1","
"
